番号,200,
名前,他,
呼び名,他,
基礎,0,2000
基礎,1,1500

;ありとあらゆるマイ茄子の素質を入れる！
素質,11,
素質,12,
素質,15,
素質,16,
素質,18,
素質,20,
素質,21,
素質,22,
素質,24,
素質,26,
素質,30,
素質,32,
素質,34,
素質,36,
素質,43,
素質,51,
素質,52,
素質,53,
素質,55,
素質,56,
素質,58,
素質,59,
素質,62,
素質,71,
素質,83,
素質,85,
素質,92,
素質,93,
素質,94,
素質,101,
素質,105,
素質,107,
素質,113,
素質,117,
素質,131,
素質,144,
素質,145,
素質,156,
素質,315,

;男性、童贞、后庭处子をまとめて
素質,140,
素質,161,


;简介
CSTR,92,本以为只是普通的友人，没想到……
CSTR,93,是与“神”颇有渊源的人类。
CSTR,94,还是说到了这一步，已经不能称之为人类了呢？
CSTR,95,看上去深不可测，实际上也的确如此。

;其他
CSTR,0,我
CSTR,1,您
CSTR,2,您
CSTR,3,神明大人
CSTR,10,Ｓ