番号,601,
名前,欧内斯,
呼び名,欧内斯,
基礎,0,2100
基礎,1,1500

;人鱼双性、处女、童贞、后庭处子
素質,0,
素質,137,
素質,160,
素質,161,

;人外特征
素質,人外,
素質,水生,
素質,化形,
素質,鱼尾,
素質,尖耳,
素質,潜游,
素質,变温体质,

;基础素质
素質,直率,
素質,老实,
素質,傲娇,
素質,难以越过的底线,
素質,贞操重视,
素質,害羞,
素質,容易湿,
素質,污臭敏感,
素質,自我奉献,
素質,喜欢身体接触,
素質,魅力,
素質,魅惑,
素質,治疗,
素質,306,
素質,310,
素質,320,
素質,333,
素質,Ｔ敏感,

;简介
CSTR,92,上半身是人，下半身是鱼，还有着蛊惑人心的天籁嗓音。
CSTR,93,是罕见的双性人鱼，性格天真老实。
CSTR,94,一头深蓝色的长卷发随着水波荡漾时极为美丽。
CSTR,95,虽然外表纤细柔美，却有着靠琴音呼风唤雨掀起波涛的神力。

;其他
CSTR,0,我
CSTR,1,你
CSTR,2,您
CSTR,3,主人
CSTR,5,欧内斯
CSTR,10,Ｄ
CSTR,13,竖琴